<application>
  <component name="FileTypeManager" version="18">
    <extensionMap>
      <mapping pattern="icn_search-black" type="AUTO_DETECTED" />
      <mapping pattern="isMarketing.js" type="AUTO_DETECTED" />
      <mapping pattern="default-config.ts" type="AUTO_DETECTED" />
      <mapping pattern="common-constants" type="AUTO_DETECTED" />
      <mapping pattern="passport-login" type="AUTO_DETECTED" />
      <mapping pattern="masurement-units.js" type="AUTO_DETECTED" />
      <mapping ext="crt" type="AUTO_DETECTED" />
      <mapping pattern="Dockerfile.*" type="Dockerfile" />
      <mapping ext="space.kts" type="Kotlin" />
      <mapping ext="gradle.kts" type="Kotlin" />
      <mapping ext="main.kts" type="Kotlin" />
      <mapping pattern=".prettierignore" type="PLAIN_TEXT" />
      <mapping pattern=".dockerignore" type="PLAIN_TEXT" />
      <mapping pattern=".env.development" type="PLAIN_TEXT" />
      <mapping ext="prod" type="PLAIN_TEXT" />
      <removed_mapping ext="apk" approved="true" type="ARCHIVE" />
      <removed_mapping ext="ignore" approved="true" type="IgnoreLang file" />
      <removed_mapping ext="psd" approved="true" type="Image" />
    </extensionMap>
  </component>
</application>