<application>
  <component name="ExtraIconsSettings">
    <option name="disabledModelIds">
      <list>
        <option value="angular_component_generic" />
        <option value="angular_service_generic" />
        <option value="nestjs_controller" />
        <option value="nestjs_controller_test" />
        <option value="nestjs_dto" />
        <option value="nestjs_entity" />
        <option value="nestjs_model" />
        <option value="nestjs_service" />
        <option value="nestjs_service_test" />
        <option value="dotenv" />
        <option value="dotenv_alt" />
        <option value="docker_alt" />
        <option value="docker_alt2" />
        <option value="dockercompose_alt" />
        <option value="dockercompose_alt2" />
        <option value="docker1_alt" />
        <option value="docker1_alt2" />
        <option value="dockercompose1_alt" />
        <option value="dockercompose1_alt2" />
        <option value="dockerignore_alt" />
        <option value="dockerignore_alt2" />
        <option value="ext_bin" />
        <option value="ext_bin_alt2" />
        <option value="ext_js" />
        <option value="typescript" />
        <option value="docker_generic_alt" />
        <option value="docker_generic_alt2" />
        <option value="docker_generic_2_alt" />
        <option value="docker_generic_2_alt2" />
      </list>
    </option>
    <option name="ignoredPattern" value="" />
    <option name="additionalUIScale" value="1.0" />
    <option name="ignoreWarnings" value="false" />
  </component>
</application>