<application>
  <component name="ExtraIconsSettings">
    <option name="disabledModelIds">
      <list>
        <option value="angular_component_generic" />
        <option value="angular_service_generic" />
        <option value="nestjs_controller" />
        <option value="nestjs_controller_test" />
        <option value="nestjs_entity" />
        <option value="nestjs_model" />
        <option value="nestjs_service" />
        <option value="nestjs_service_test" />
        <option value="dotenv" />
        <option value="dotenv_alt" />
        <option value="docker" />
        <option value="docker_alt" />
        <option value="dockercompose" />
        <option value="dockercompose_alt" />
        <option value="docker1" />
        <option value="docker1_alt" />
        <option value="dockercompose1" />
        <option value="dockercompose1_alt" />
        <option value="dockerignore" />
        <option value="dockerignore_alt" />
        <option value="typescript" />
        <option value="docker_generic" />
        <option value="docker_generic_alt" />
        <option value="angular_service" />
      </list>
    </option>
    <option name="ignoredPattern" value="" />
    <option name="additionalUIScale" value="1.0" />
  </component>
</application>