<application>
  <component name="NodeJsLocalInterpreterManager">
    <local-interpreter path="/usr/local/bin/node">
      <version-cache version="14.15.4" last-modified="1609768560000" />
    </local-interpreter>
    <local-interpreter path="$USER_HOME$/.nvm/versions/node/v18.0.0/bin/node">
      <version-cache version="18.0.0" last-modified="1650324175000" />
    </local-interpreter>
    <local-interpreter path="$USER_HOME$/.nvm/versions/node/v17.9.0/bin/node">
      <version-cache version="17.9.0" last-modified="1649361761000" />
    </local-interpreter>
    <local-interpreter path="$USER_HOME$/.nvm/versions/node/v17.0.0/bin/node">
      <version-cache version="17.0.0" last-modified="1634605229000" />
    </local-interpreter>
    <local-interpreter path="$USER_HOME$/.nvm/versions/node/v16.14.2/bin/node">
      <version-cache version="16.14.2" last-modified="1647554886000" />
    </local-interpreter>
    <local-interpreter path="$USER_HOME$/.nvm/versions/node/v16.10.0/bin/node">
      <version-cache version="16.10.0" last-modified="1632333716000" />
    </local-interpreter>
    <local-interpreter path="$USER_HOME$/.nvm/versions/node/v16.8.0/bin/node">
      <version-cache version="16.8.0" last-modified="1629917943000" />
    </local-interpreter>
    <local-interpreter path="$USER_HOME$/.nvm/versions/node/v16.3.0/bin/node">
      <version-cache version="16.3.0" last-modified="1622682791000" />
    </local-interpreter>
    <local-interpreter path="$USER_HOME$/.nvm/versions/node/v16.0.0/bin/node">
      <version-cache version="16.0.0" last-modified="1618916199000" />
    </local-interpreter>
    <local-interpreter path="$USER_HOME$/.nvm/versions/node/v15.8.0/bin/node">
      <version-cache version="15.8.0" last-modified="1612291622000" />
    </local-interpreter>
    <local-interpreter path="$USER_HOME$/.nvm/versions/node/v14.2.0/bin/node">
      <version-cache version="14.2.0" last-modified="1588699635000" />
    </local-interpreter>
    <local-interpreter path="$USER_HOME$/.nvm/versions/node/v14.0.0/bin/node">
      <version-cache version="14.0.0" last-modified="1587469035000" />
    </local-interpreter>
    <local-interpreter path="$USER_HOME$/.nvm/versions/node/v12.22.7/bin/node">
      <version-cache version="12.22.7" last-modified="1634022125000" />
    </local-interpreter>
    <local-interpreter path="$USER_HOME$/.nvm/versions/node/v12.20.1/bin/node">
      <version-cache version="12.20.1" last-modified="1609772938000" />
    </local-interpreter>
    <local-interpreter path="$USER_HOME$/.nvm/versions/node/v12.0.0/bin/node">
      <version-cache version="12.0.0" last-modified="1556027614000" />
    </local-interpreter>
    <local-interpreter path="$USER_HOME$/.nvm/versions/node/v10.15.1/bin/node">
      <version-cache version="10.15.1" last-modified="1548746314000" />
    </local-interpreter>
    <local-interpreter path="$USER_HOME$/.nvm/versions/node/v8.17.0/bin/node">
      <version-cache version="8.17.0" last-modified="1576566327000" />
    </local-interpreter>
    <local-interpreter path="$USER_HOME$/.nvm/versions/node/v8.0.0/bin/node">
      <version-cache version="8.0.0" last-modified="1496165247000" />
    </local-interpreter>
  </component>
</application>