<application>
  <component name="SettingsSyncPlugins">
    <option name="plugins">
      <map>
        <entry key="AceJump">
          <value>
            <PluginData>
              <option name="dependencies">
                <set>
                  <option value="com.intellij.modules.platform" />
                </set>
              </option>
            </PluginData>
          </value>
        </entry>
        <entry key="AntSupport">
          <value>
            <PluginData>
              <option name="dependencies">
                <set>
                  <option value="com.intellij.modules.java" />
                  <option value="com.intellij.properties" />
                </set>
              </option>
              <option name="enabled" value="false" />
            </PluginData>
          </value>
        </entry>
        <entry key="ByteCodeViewer">
          <value>
            <PluginData>
              <option name="enabled" value="false" />
            </PluginData>
          </value>
        </entry>
        <entry key="CopilotDarkTheme">
          <value>
            <PluginData>
              <option name="category" value="UI" />
              <option name="dependencies">
                <set>
                  <option value="com.intellij.modules.platform" />
                </set>
              </option>
            </PluginData>
          </value>
        </entry>
        <entry key="Coverage">
          <value>
            <PluginData>
              <option name="dependencies">
                <set>
                  <option value="com.intellij.modules.coverage" />
                  <option value="com.intellij.modules.java" />
                </set>
              </option>
              <option name="enabled" value="false" />
            </PluginData>
          </value>
        </entry>
        <entry key="DevKit">
          <value>
            <PluginData>
              <option name="dependencies">
                <set>
                  <option value="com.intellij.modules.java" />
                  <option value="com.intellij.modules.json" />
                  <option value="com.intellij.properties" />
                </set>
              </option>
              <option name="enabled" value="false" />
            </PluginData>
          </value>
        </entry>
        <entry key="GlassFish">
          <value>
            <PluginData>
              <option name="dependencies">
                <set>
                  <option value="com.intellij.javaee" />
                  <option value="com.intellij.javaee.app.servers.integration" />
                </set>
              </option>
              <option name="enabled" value="false" />
            </PluginData>
          </value>
        </entry>
        <entry key="Intellij_GitHub_Dark_Theme">
          <value>
            <PluginData>
              <option name="category" value="UI" />
              <option name="dependencies">
                <set>
                  <option value="com.intellij.modules.platform" />
                </set>
              </option>
            </PluginData>
          </value>
        </entry>
        <entry key="JBoss">
          <value>
            <PluginData>
              <option name="dependencies">
                <set>
                  <option value="com.intellij.javaee" />
                  <option value="com.intellij.javaee.app.servers.integration" />
                </set>
              </option>
              <option name="enabled" value="false" />
            </PluginData>
          </value>
        </entry>
        <entry key="JUnit">
          <value>
            <PluginData>
              <option name="dependencies">
                <set>
                  <option value="com.intellij.java" />
                </set>
              </option>
              <option name="enabled" value="false" />
            </PluginData>
          </value>
        </entry>
        <entry key="Key Promoter X">
          <value>
            <PluginData>
              <option name="dependencies">
                <set>
                  <option value="com.intellij.modules.lang" />
                </set>
              </option>
              <option name="enabled" value="false" />
            </PluginData>
          </value>
        </entry>
        <entry key="Lombook Plugin">
          <value>
            <PluginData>
              <option name="dependencies">
                <set>
                  <option value="com.intellij.modules.java" />
                  <option value="com.intellij.modules.lang" />
                  <option value="com.intellij.modules.platform" />
                </set>
              </option>
              <option name="enabled" value="false" />
            </PluginData>
          </value>
        </entry>
        <entry key="PerforceDirectPlugin">
          <value>
            <PluginData>
              <option name="dependencies">
                <set>
                  <option value="com.intellij.modules.lang" />
                  <option value="com.intellij.modules.vcs" />
                </set>
              </option>
              <option name="enabled" value="false" />
            </PluginData>
          </value>
        </entry>
        <entry key="Pythonid">
          <value>
            <PluginData>
              <option name="dependencies">
                <set>
                  <option value="com.intellij.modules.python-pro-capable" />
                  <option value="com.intellij.modules.ultimate" />
                </set>
              </option>
            </PluginData>
          </value>
        </entry>
        <entry key="Refactor-X">
          <value>
            <PluginData>
              <option name="dependencies">
                <set>
                  <option value="com.intellij.modules.ultimate" />
                  <option value="com.intellij.modules.xml" />
                </set>
              </option>
              <option name="enabled" value="false" />
            </PluginData>
          </value>
        </entry>
        <entry key="Statistic">
          <value>
            <PluginData>
              <option name="dependencies">
                <set>
                  <option value="com.intellij.modules.lang" />
                </set>
              </option>
            </PluginData>
          </value>
        </entry>
        <entry key="String Manipulation">
          <value>
            <PluginData>
              <option name="dependencies">
                <set>
                  <option value="com.intellij.modules.platform" />
                </set>
              </option>
            </PluginData>
          </value>
        </entry>
        <entry key="TestNG-J">
          <value>
            <PluginData>
              <option name="dependencies">
                <set>
                  <option value="com.intellij.modules.java" />
                </set>
              </option>
              <option name="enabled" value="false" />
            </PluginData>
          </value>
        </entry>
        <entry key="Tomcat">
          <value>
            <PluginData>
              <option name="dependencies">
                <set>
                  <option value="com.intellij.javaee" />
                  <option value="com.intellij.javaee.app.servers.integration" />
                </set>
              </option>
              <option name="enabled" value="false" />
            </PluginData>
          </value>
        </entry>
        <entry key="Twitch Dark Theme">
          <value>
            <PluginData>
              <option name="category" value="UI" />
              <option name="dependencies">
                <set>
                  <option value="com.intellij.modules.platform" />
                </set>
              </option>
              <option name="enabled" value="false" />
            </PluginData>
          </value>
        </entry>
        <entry key="XPathView">
          <value>
            <PluginData>
              <option name="dependencies">
                <set>
                  <option value="com.intellij.modules.xml" />
                </set>
              </option>
              <option name="enabled" value="false" />
            </PluginData>
          </value>
        </entry>
        <entry key="XSLT-Debugger">
          <value>
            <PluginData>
              <option name="dependencies">
                <set>
                  <option value="XPathView" />
                  <option value="com.intellij.modules.xml" />
                </set>
              </option>
              <option name="enabled" value="false" />
            </PluginData>
          </value>
        </entry>
        <entry key="atom-one">
          <value>
            <PluginData>
              <option name="category" value="UI" />
              <option name="dependencies">
                <set>
                  <option value="com.intellij.modules.lang" />
                </set>
              </option>
            </PluginData>
          </value>
        </entry>
        <entry key="aws.toolkit">
          <value>
            <PluginData>
              <option name="dependencies">
                <set>
                  <option value="com.intellij.modules.lang" />
                  <option value="org.jetbrains.plugins.yaml" />
                </set>
              </option>
              <option name="enabled" value="false" />
            </PluginData>
          </value>
        </entry>
        <entry key="cc.gmem.darkubuntutheme">
          <value>
            <PluginData>
              <option name="category" value="UI" />
              <option name="dependencies">
                <set>
                  <option value="com.intellij.modules.platform" />
                </set>
              </option>
            </PluginData>
          </value>
        </entry>
        <entry key="club.nutsoft.Github3Theme">
          <value>
            <PluginData>
              <option name="category" value="UI" />
              <option name="dependencies">
                <set>
                  <option value="com.intellij.modules.platform" />
                </set>
              </option>
            </PluginData>
          </value>
        </entry>
        <entry key="com.4lex4.intellij.solarized">
          <value>
            <PluginData>
              <option name="category" value="UI" />
              <option name="dependencies">
                <set>
                  <option value="com.intellij.modules.lang" />
                </set>
              </option>
            </PluginData>
          </value>
        </entry>
        <entry key="com.android.tools.idea.smali">
          <value>
            <PluginData>
              <option name="dependencies">
                <set>
                  <option value="com.intellij.modules.java-capable" />
                  <option value="com.intellij.modules.lang" />
                </set>
              </option>
              <option name="enabled" value="false" />
            </PluginData>
          </value>
        </entry>
        <entry key="com.arcticicestudio.nord.jetbrains">
          <value>
            <PluginData>
              <option name="category" value="UI" />
              <option name="dependencies">
                <set>
                  <option value="com.intellij.modules.lang" />
                </set>
              </option>
              <option name="enabled" value="false" />
            </PluginData>
          </value>
        </entry>
        <entry key="com.brandiico.jetbrains-nightfall-theme">
          <value>
            <PluginData>
              <option name="category" value="UI" />
              <option name="dependencies">
                <set>
                  <option value="com.intellij.modules.lang" />
                  <option value="com.intellij.modules.platform" />
                </set>
              </option>
              <option name="enabled" value="false" />
            </PluginData>
          </value>
        </entry>
        <entry key="com.darkyen.darkyenustimetracker">
          <value>
            <PluginData>
              <option name="dependencies">
                <set>
                  <option value="com.intellij.modules.platform" />
                </set>
              </option>
              <option name="enabled" value="false" />
            </PluginData>
          </value>
        </entry>
        <entry key="com.deadsilly.blackbird.theme">
          <value>
            <PluginData>
              <option name="category" value="UI" />
              <option name="dependencies">
                <set>
                  <option value="com.intellij.modules.platform" />
                </set>
              </option>
              <option name="enabled" value="false" />
            </PluginData>
          </value>
        </entry>
        <entry key="com.dmarcotte.handlebars">
          <value>
            <PluginData>
              <option name="dependencies">
                <set>
                  <option value="com.intellij.modules.lang" />
                </set>
              </option>
            </PluginData>
          </value>
        </entry>
        <entry key="com.elliotwaite.godot_theme">
          <value>
            <PluginData>
              <option name="category" value="UI" />
              <option name="dependencies">
                <set>
                  <option value="com.intellij.modules.platform" />
                </set>
              </option>
            </PluginData>
          </value>
        </entry>
        <entry key="com.emonadeo.tanne">
          <value>
            <PluginData>
              <option name="category" value="UI" />
              <option name="dependencies">
                <set>
                  <option value="com.intellij.modules.platform" />
                </set>
              </option>
            </PluginData>
          </value>
        </entry>
        <entry key="com.fwdekker.randomness">
          <value>
            <PluginData>
              <option name="dependencies">
                <set>
                  <option value="com.intellij.modules.platform" />
                </set>
              </option>
            </PluginData>
          </value>
        </entry>
        <entry key="com.github.catppuccin.jetbrains">
          <value>
            <PluginData>
              <option name="category" value="UI" />
              <option name="dependencies">
                <set>
                  <option value="com.intellij.modules.platform" />
                </set>
              </option>
              <option name="enabled" value="false" />
            </PluginData>
          </value>
        </entry>
        <entry key="com.github.copilot">
          <value>
            <PluginData>
              <option name="dependencies">
                <set>
                  <option value="com.intellij.modules.lang" />
                  <option value="com.intellij.modules.platform" />
                </set>
              </option>
            </PluginData>
          </value>
        </entry>
        <entry key="com.github.menwhorust.tomorrownighttheme">
          <value>
            <PluginData>
              <option name="category" value="UI" />
              <option name="dependencies">
                <set>
                  <option value="com.intellij.modules.platform" />
                </set>
              </option>
            </PluginData>
          </value>
        </entry>
        <entry key="com.github.shubham076.darkthemes">
          <value>
            <PluginData>
              <option name="category" value="UI" />
              <option name="dependencies">
                <set>
                  <option value="com.intellij.modules.platform" />
                </set>
              </option>
              <option name="enabled" value="false" />
            </PluginData>
          </value>
        </entry>
        <entry key="com.github.thibaultsoulabaille.marianatheme">
          <value>
            <PluginData>
              <option name="category" value="UI" />
              <option name="dependencies">
                <set>
                  <option value="com.intellij.modules.platform" />
                </set>
              </option>
              <option name="enabled" value="false" />
            </PluginData>
          </value>
        </entry>
        <entry key="com.github.ushiosan23.darktheme">
          <value>
            <PluginData>
              <option name="category" value="UI" />
              <option name="dependencies">
                <set>
                  <option value="com.intellij.modules.lang" />
                  <option value="com.intellij.modules.platform" />
                </set>
              </option>
            </PluginData>
          </value>
        </entry>
        <entry key="com.godwin.json.parser">
          <value>
            <PluginData>
              <option name="dependencies">
                <set>
                  <option value="com.intellij.modules.java" />
                  <option value="com.intellij.modules.lang" />
                </set>
              </option>
              <option name="enabled" value="false" />
            </PluginData>
          </value>
        </entry>
        <entry key="com.httpriestess.base16-tomorrow-dark">
          <value>
            <PluginData>
              <option name="category" value="UI" />
              <option name="dependencies">
                <set>
                  <option value="com.intellij.modules.platform" />
                </set>
              </option>
              <option name="enabled" value="false" />
            </PluginData>
          </value>
        </entry>
        <entry key="com.intellij.aop">
          <value>
            <PluginData>
              <option name="enabled" value="false" />
            </PluginData>
          </value>
        </entry>
        <entry key="com.intellij.beanValidation">
          <value>
            <PluginData>
              <option name="enabled" value="false" />
            </PluginData>
          </value>
        </entry>
        <entry key="com.intellij.cdi">
          <value>
            <PluginData>
              <option name="enabled" value="false" />
            </PluginData>
          </value>
        </entry>
        <entry key="com.intellij.database">
          <value>
            <PluginData>
              <option name="dependencies">
                <set>
                  <option value="com.intellij.modules.ultimate" />
                  <option value="com.intellij.platform.images" />
                </set>
              </option>
            </PluginData>
          </value>
        </entry>
        <entry key="com.intellij.diagram">
          <value>
            <PluginData>
              <option name="enabled" value="false" />
            </PluginData>
          </value>
        </entry>
        <entry key="com.intellij.freemarker">
          <value>
            <PluginData>
              <option name="enabled" value="false" />
            </PluginData>
          </value>
        </entry>
        <entry key="com.intellij.grpc">
          <value>
            <PluginData>
              <option name="enabled" value="false" />
            </PluginData>
          </value>
        </entry>
        <entry key="com.intellij.hibernate">
          <value>
            <PluginData>
              <option name="dependencies">
                <set>
                  <option value="com.intellij.database" />
                  <option value="com.intellij.javaee" />
                  <option value="com.intellij.javaee.jpa" />
                  <option value="com.intellij.persistence" />
                </set>
              </option>
              <option name="enabled" value="false" />
            </PluginData>
          </value>
        </entry>
        <entry key="com.intellij.ideolog">
          <value>
            <PluginData>
              <option name="dependencies">
                <set>
                  <option value="com.intellij.modules.lang" />
                </set>
              </option>
            </PluginData>
          </value>
        </entry>
        <entry key="com.intellij.jakarta.nosql">
          <value>
            <PluginData>
              <option name="enabled" value="false" />
            </PluginData>
          </value>
        </entry>
        <entry key="com.intellij.java-i18n">
          <value>
            <PluginData>
              <option name="dependencies">
                <set>
                  <option value="com.intellij.modules.java" />
                  <option value="com.intellij.modules.platform" />
                  <option value="com.intellij.properties" />
                </set>
              </option>
              <option name="enabled" value="false" />
            </PluginData>
          </value>
        </entry>
        <entry key="com.intellij.javaee">
          <value>
            <PluginData>
              <option name="enabled" value="false" />
            </PluginData>
          </value>
        </entry>
        <entry key="com.intellij.javaee.app.servers.integration">
          <value>
            <PluginData>
              <option name="enabled" value="false" />
            </PluginData>
          </value>
        </entry>
        <entry key="com.intellij.javaee.el">
          <value>
            <PluginData>
              <option name="enabled" value="false" />
            </PluginData>
          </value>
        </entry>
        <entry key="com.intellij.javaee.extensions">
          <value>
            <PluginData>
              <option name="dependencies">
                <set>
                  <option value="com.intellij.javaee" />
                  <option value="com.intellij.microservices.jvm" />
                  <option value="com.intellij.modules.microservices" />
                </set>
              </option>
              <option name="enabled" value="false" />
            </PluginData>
          </value>
        </entry>
        <entry key="com.intellij.javaee.gradle">
          <value>
            <PluginData>
              <option name="enabled" value="false" />
            </PluginData>
          </value>
        </entry>
        <entry key="com.intellij.javaee.jpa">
          <value>
            <PluginData>
              <option name="enabled" value="false" />
            </PluginData>
          </value>
        </entry>
        <entry key="com.intellij.javaee.web">
          <value>
            <PluginData>
              <option name="enabled" value="false" />
            </PluginData>
          </value>
        </entry>
        <entry key="com.intellij.javaee.webSocket">
          <value>
            <PluginData>
              <option name="enabled" value="false" />
            </PluginData>
          </value>
        </entry>
        <entry key="com.intellij.jsp">
          <value>
            <PluginData>
              <option name="dependencies">
                <set>
                  <option value="com.intellij.javaee.el" />
                  <option value="com.intellij.modules.jsp.base" />
                  <option value="com.intellij.modules.ultimate" />
                  <option value="com.intellij.modules.xml" />
                </set>
              </option>
              <option name="enabled" value="false" />
            </PluginData>
          </value>
        </entry>
        <entry key="com.intellij.micronaut">
          <value>
            <PluginData>
              <option name="enabled" value="false" />
            </PluginData>
          </value>
        </entry>
        <entry key="com.intellij.microservices.jvm">
          <value>
            <PluginData>
              <option name="enabled" value="false" />
            </PluginData>
          </value>
        </entry>
        <entry key="com.intellij.microservices.ui">
          <value>
            <PluginData>
              <option name="enabled" value="false" />
            </PluginData>
          </value>
        </entry>
        <entry key="com.intellij.persistence">
          <value>
            <PluginData>
              <option name="enabled" value="false" />
            </PluginData>
          </value>
        </entry>
        <entry key="com.intellij.properties">
          <value>
            <PluginData>
              <option name="enabled" value="false" />
            </PluginData>
          </value>
        </entry>
        <entry key="com.intellij.quarkus">
          <value>
            <PluginData>
              <option name="enabled" value="false" />
            </PluginData>
          </value>
        </entry>
        <entry key="com.intellij.reactivestreams">
          <value>
            <PluginData>
              <option name="enabled" value="false" />
            </PluginData>
          </value>
        </entry>
        <entry key="com.intellij.spring">
          <value>
            <PluginData>
              <option name="enabled" value="false" />
            </PluginData>
          </value>
        </entry>
        <entry key="com.intellij.spring.boot">
          <value>
            <PluginData>
              <option name="enabled" value="false" />
            </PluginData>
          </value>
        </entry>
        <entry key="com.intellij.spring.cloud">
          <value>
            <PluginData>
              <option name="enabled" value="false" />
            </PluginData>
          </value>
        </entry>
        <entry key="com.intellij.spring.data">
          <value>
            <PluginData>
              <option name="enabled" value="false" />
            </PluginData>
          </value>
        </entry>
        <entry key="com.intellij.spring.integration">
          <value>
            <PluginData>
              <option name="enabled" value="false" />
            </PluginData>
          </value>
        </entry>
        <entry key="com.intellij.spring.messaging">
          <value>
            <PluginData>
              <option name="enabled" value="false" />
            </PluginData>
          </value>
        </entry>
        <entry key="com.intellij.spring.mvc">
          <value>
            <PluginData>
              <option name="enabled" value="false" />
            </PluginData>
          </value>
        </entry>
        <entry key="com.intellij.spring.security">
          <value>
            <PluginData>
              <option name="enabled" value="false" />
            </PluginData>
          </value>
        </entry>
        <entry key="com.intellij.spring.websocket">
          <value>
            <PluginData>
              <option name="enabled" value="false" />
            </PluginData>
          </value>
        </entry>
        <entry key="com.intellij.tailwindcss">
          <value>
            <PluginData>
              <option name="dependencies">
                <set>
                  <option value="JavaScript" />
                  <option value="com.intellij.css" />
                  <option value="com.intellij.modules.ultimate" />
                </set>
              </option>
            </PluginData>
          </value>
        </entry>
        <entry key="com.intellij.thymeleaf">
          <value>
            <PluginData>
              <option name="enabled" value="false" />
            </PluginData>
          </value>
        </entry>
        <entry key="com.intellij.uiDesigner">
          <value>
            <PluginData>
              <option name="dependencies">
                <set>
                  <option value="com.intellij.java-i18n" />
                  <option value="com.intellij.properties" />
                </set>
              </option>
              <option name="enabled" value="false" />
            </PluginData>
          </value>
        </entry>
        <entry key="com.intellij.velocity">
          <value>
            <PluginData>
              <option name="dependencies">
                <set>
                  <option value="com.intellij.modules.java" />
                  <option value="com.intellij.modules.ultimate" />
                  <option value="com.intellij.properties" />
                </set>
              </option>
              <option name="enabled" value="false" />
            </PluginData>
          </value>
        </entry>
        <entry key="com.jetbrains.codeWithMe">
          <value>
            <PluginData>
              <option name="dependencies">
                <set>
                  <option value="com.intellij.modules.platform" />
                  <option value="com.jetbrains.projector.libs" />
                </set>
              </option>
              <option name="enabled" value="false" />
            </PluginData>
          </value>
        </entry>
        <entry key="com.jetbrains.gateway">
          <value>
            <PluginData>
              <option name="dependencies">
                <set>
                  <option value="com.intellij.modules.platform" />
                  <option value="com.intellij.modules.ssh" />
                </set>
              </option>
              <option name="enabled" value="false" />
            </PluginData>
          </value>
        </entry>
        <entry key="com.jetbrains.gateway.terminal">
          <value>
            <PluginData>
              <option name="dependencies">
                <set>
                  <option value="com.intellij.modules.ssh" />
                  <option value="com.jetbrains.gateway" />
                  <option value="org.jetbrains.plugins.terminal" />
                </set>
              </option>
              <option name="enabled" value="false" />
            </PluginData>
          </value>
        </entry>
        <entry key="com.jetbrains.idea.refactoring.detector">
          <value>
            <PluginData>
              <option name="dependencies">
                <set>
                  <option value="Git4Idea" />
                  <option value="com.intellij.modules.java" />
                  <option value="com.intellij.modules.lang" />
                  <option value="com.intellij.modules.platform" />
                  <option value="org.jetbrains.kotlin" />
                </set>
              </option>
              <option name="enabled" value="false" />
            </PluginData>
          </value>
        </entry>
        <entry key="com.jetbrains.performancePlugin.kotlin">
          <value>
            <PluginData>
              <option name="enabled" value="false" />
            </PluginData>
          </value>
        </entry>
        <entry key="com.jetbrains.performancePlugin.maven">
          <value>
            <PluginData>
              <option name="enabled" value="false" />
            </PluginData>
          </value>
        </entry>
        <entry key="com.jetbrains.performancePlugin.workspaceModel">
          <value>
            <PluginData>
              <option name="dependencies">
                <set>
                  <option value="com.intellij.javaee.app.servers.integration" />
                  <option value="com.intellij.modules.lang" />
                  <option value="com.jetbrains.performancePlugin" />
                  <option value="com.jetbrains.performancePlugin.gradle" />
                  <option value="com.jetbrains.performancePlugin.maven" />
                </set>
              </option>
              <option name="enabled" value="false" />
            </PluginData>
          </value>
        </entry>
        <entry key="com.jetbrains.plugins.jade">
          <value>
            <PluginData />
          </value>
        </entry>
        <entry key="com.jetbrains.plugins.webDeployment">
          <value>
            <PluginData>
              <option name="enabled" value="false" />
            </PluginData>
          </value>
        </entry>
        <entry key="com.jetbrains.restWebServices">
          <value>
            <PluginData>
              <option name="enabled" value="false" />
            </PluginData>
          </value>
        </entry>
        <entry key="com.kagof.pokeprogress">
          <value>
            <PluginData>
              <option name="dependencies">
                <set>
                  <option value="com.intellij.modules.platform" />
                </set>
              </option>
              <option name="enabled" value="false" />
            </PluginData>
          </value>
        </entry>
        <entry key="com.markskelton.one-dark-theme">
          <value>
            <PluginData>
              <option name="dependencies">
                <set>
                  <option value="com.intellij.modules.platform" />
                </set>
              </option>
            </PluginData>
          </value>
        </entry>
        <entry key="com.nekofar.milad.intellij.nuxtjs">
          <value>
            <PluginData>
              <option name="dependencies">
                <set>
                  <option value="JavaScript" />
                  <option value="com.intellij.modules.platform" />
                  <option value="org.jetbrains.plugins.vue" />
                </set>
              </option>
            </PluginData>
          </value>
        </entry>
        <entry key="com.samdark.intellij-visual-studio-code-dark-plus">
          <value>
            <PluginData>
              <option name="category" value="UI" />
              <option name="dependencies">
                <set>
                  <option value="com.intellij.modules.lang" />
                </set>
              </option>
            </PluginData>
          </value>
        </entry>
        <entry key="com.tabnine.TabNine">
          <value>
            <PluginData>
              <option name="dependencies">
                <set>
                  <option value="com.intellij.modules.lang" />
                </set>
              </option>
              <option name="enabled" value="false" />
            </PluginData>
          </value>
        </entry>
        <entry key="com.vecheslav.darculaDarkerTheme">
          <value>
            <PluginData>
              <option name="category" value="UI" />
              <option name="dependencies">
                <set>
                  <option value="com.intellij.modules.lang" />
                </set>
              </option>
            </PluginData>
          </value>
        </entry>
        <entry key="com.vecheslav.darculaSolidTheme">
          <value>
            <PluginData>
              <option name="category" value="UI" />
              <option name="dependencies">
                <set>
                  <option value="com.intellij.modules.lang" />
                </set>
              </option>
              <option name="enabled" value="false" />
            </PluginData>
          </value>
        </entry>
        <entry key="com.vermouthx.idea">
          <value>
            <PluginData>
              <option name="dependencies">
                <set>
                  <option value="com.intellij.modules.lang" />
                </set>
              </option>
              <option name="enabled" value="false" />
            </PluginData>
          </value>
        </entry>
        <entry key="com.vermouthx.xcode-theme">
          <value>
            <PluginData>
              <option name="dependencies">
                <set>
                  <option value="com.intellij.modules.platform" />
                </set>
              </option>
              <option name="enabled" value="false" />
            </PluginData>
          </value>
        </entry>
        <entry key="com.villains.intelij.plugin.newoceantheme">
          <value>
            <PluginData>
              <option name="category" value="UI" />
              <option name="dependencies">
                <set>
                  <option value="com.intellij.modules.lang" />
                </set>
              </option>
            </PluginData>
          </value>
        </entry>
        <entry key="com.vincentp.gruvbox-theme">
          <value>
            <PluginData>
              <option name="category" value="UI" />
              <option name="dependencies">
                <set>
                  <option value="com.intellij.modules.lang" />
                </set>
              </option>
            </PluginData>
          </value>
        </entry>
        <entry key="cucumber-groovy">
          <value>
            <PluginData>
              <option name="dependencies">
                <set>
                  <option value="cucumber-java" />
                  <option value="gherkin" />
                  <option value="org.intellij.groovy" />
                </set>
              </option>
              <option name="enabled" value="false" />
            </PluginData>
          </value>
        </entry>
        <entry key="cucumber-java">
          <value>
            <PluginData>
              <option name="dependencies">
                <set>
                  <option value="JUnit" />
                  <option value="com.intellij.modules.java" />
                  <option value="gherkin" />
                </set>
              </option>
              <option name="enabled" value="false" />
            </PluginData>
          </value>
        </entry>
        <entry key="dev.meanmail.plugin.nginx-intellij-plugin">
          <value>
            <PluginData>
              <option name="dependencies">
                <set>
                  <option value="com.intellij.modules.lang" />
                </set>
              </option>
              <option name="enabled" value="false" />
            </PluginData>
          </value>
        </entry>
        <entry key="dev.meanmail.plugin.nginx-intellij-plugin-pro">
          <value>
            <PluginData>
              <option name="dependencies">
                <set>
                  <option value="com.intellij.modules.lang" />
                </set>
              </option>
            </PluginData>
          </value>
        </entry>
        <entry key="fr.gabrielcolson.prisma.prisma-intellij-plugin">
          <value>
            <PluginData>
              <option name="dependencies">
                <set>
                  <option value="com.intellij.modules.platform" />
                </set>
              </option>
            </PluginData>
          </value>
        </entry>
        <entry key="gherkin">
          <value>
            <PluginData>
              <option name="dependencies">
                <set>
                  <option value="com.intellij.modules.xml" />
                  <option value="org.intellij.intelliLang" />
                </set>
              </option>
              <option name="enabled" value="false" />
            </PluginData>
          </value>
        </entry>
        <entry key="hg4idea">
          <value>
            <PluginData>
              <option name="dependencies">
                <set>
                  <option value="com.intellij.modules.vcs" />
                </set>
              </option>
              <option name="enabled" value="false" />
            </PluginData>
          </value>
        </entry>
        <entry key="idea.plugin.protoeditor">
          <value>
            <PluginData>
              <option name="enabled" value="false" />
            </PluginData>
          </value>
        </entry>
        <entry key="indent-rainbow.indent-rainbow">
          <value>
            <PluginData>
              <option name="dependencies">
                <set>
                  <option value="com.intellij.modules.lang" />
                </set>
              </option>
              <option name="enabled" value="false" />
            </PluginData>
          </value>
        </entry>
        <entry key="intellij.ktor">
          <value>
            <PluginData>
              <option name="dependencies">
                <set>
                  <option value="com.intellij.externalSystem.dependencyUpdater" />
                  <option value="com.intellij.microservices.jvm" />
                  <option value="com.intellij.modules.java" />
                  <option value="com.intellij.modules.platform" />
                  <option value="com.intellij.modules.ultimate" />
                  <option value="com.intellij.properties" />
                  <option value="org.intellij.plugins.markdown" />
                  <option value="org.jetbrains.kotlin" />
                </set>
              </option>
              <option name="enabled" value="false" />
            </PluginData>
          </value>
        </entry>
        <entry key="intellij.prettierJS">
          <value>
            <PluginData>
              <option name="dependencies">
                <set>
                  <option value="JavaScript" />
                  <option value="com.intellij.modules.platform" />
                </set>
              </option>
            </PluginData>
          </value>
        </entry>
        <entry key="intellij.recommenders">
          <value>
            <PluginData>
              <option name="enabled" value="false" />
            </PluginData>
          </value>
        </entry>
        <entry key="io.github.kings1990.FastRequest">
          <value>
            <PluginData>
              <option name="dependencies">
                <set>
                  <option value="com.intellij.java" />
                  <option value="org.intellij.plugins.markdown" />
                </set>
              </option>
              <option name="enabled" value="false" />
            </PluginData>
          </value>
        </entry>
        <entry key="io.github.xiaopihai7256">
          <value>
            <PluginData>
              <option name="category" value="UI" />
              <option name="dependencies">
                <set>
                  <option value="com.intellij.modules.lang" />
                </set>
              </option>
            </PluginData>
          </value>
        </entry>
        <entry key="io.techtrails.intellij.prisma">
          <value>
            <PluginData>
              <option name="dependencies">
                <set>
                  <option value="com.intellij.modules.lang" />
                </set>
              </option>
            </PluginData>
          </value>
        </entry>
        <entry key="izhangzhihao.rainbow.brackets">
          <value>
            <PluginData>
              <option name="dependencies">
                <set>
                  <option value="com.intellij.modules.lang" />
                </set>
              </option>
            </PluginData>
          </value>
        </entry>
        <entry key="lermitage.intellij.extra.icons">
          <value>
            <PluginData>
              <option name="dependencies">
                <set>
                  <option value="com.intellij.modules.lang" />
                  <option value="com.intellij.modules.platform" />
                  <option value="com.intellij.modules.vcs" />
                </set>
              </option>
            </PluginData>
          </value>
        </entry>
        <entry key="lermitage.intellij.extratci">
          <value>
            <PluginData>
              <option name="dependencies">
                <set>
                  <option value="com.intellij.modules.lang" />
                </set>
              </option>
            </PluginData>
          </value>
        </entry>
        <entry key="lermitage.intellij.nightandday">
          <value>
            <PluginData>
              <option name="dependencies">
                <set>
                  <option value="com.intellij.modules.lang" />
                </set>
              </option>
              <option name="enabled" value="false" />
            </PluginData>
          </value>
        </entry>
        <entry key="lermitage.jetbrains.darcula.sombre">
          <value>
            <PluginData>
              <option name="category" value="UI" />
              <option name="dependencies">
                <set>
                  <option value="com.intellij.modules.platform" />
                </set>
              </option>
            </PluginData>
          </value>
        </entry>
        <entry key="mobi.hsz.idea.gitignore">
          <value>
            <PluginData>
              <option name="dependencies">
                <set>
                  <option value="com.intellij.modules.lang" />
                  <option value="com.intellij.modules.vcs" />
                </set>
              </option>
            </PluginData>
          </value>
        </entry>
        <entry key="name.kropp.intellij.makefile">
          <value>
            <PluginData>
              <option name="dependencies">
                <set>
                  <option value="com.intellij.modules.lang" />
                </set>
              </option>
            </PluginData>
          </value>
        </entry>
        <entry key="org.intellij.groovy">
          <value>
            <PluginData>
              <option name="enabled" value="false" />
            </PluginData>
          </value>
        </entry>
        <entry key="org.jetbrains.android">
          <value>
            <PluginData>
              <option name="dependencies">
                <set>
                  <option value="JUnit" />
                  <option value="com.android.tools.idea.smali" />
                  <option value="com.intellij.gradle" />
                  <option value="com.intellij.modules.java" />
                  <option value="com.intellij.modules.java-capable" />
                  <option value="com.intellij.platform.images" />
                  <option value="com.intellij.properties" />
                  <option value="intellij.webp" />
                  <option value="org.intellij.groovy" />
                  <option value="org.intellij.intelliLang" />
                  <option value="org.jetbrains.idea.gradle.dsl" />
                  <option value="org.jetbrains.kotlin" />
                  <option value="org.jetbrains.plugins.gradle" />
                </set>
              </option>
              <option name="enabled" value="false" />
            </PluginData>
          </value>
        </entry>
        <entry key="org.jetbrains.debugger.streams">
          <value>
            <PluginData>
              <option name="dependencies">
                <set>
                  <option value="com.intellij.java" />
                </set>
              </option>
              <option name="enabled" value="false" />
            </PluginData>
          </value>
        </entry>
        <entry key="org.jetbrains.idea.eclipse">
          <value>
            <PluginData>
              <option name="dependencies">
                <set>
                  <option value="com.intellij.modules.java" />
                </set>
              </option>
              <option name="enabled" value="false" />
            </PluginData>
          </value>
        </entry>
        <entry key="org.jetbrains.idea.maven">
          <value>
            <PluginData>
              <option name="dependencies">
                <set>
                  <option value="com.intellij.modules.java" />
                  <option value="com.intellij.properties" />
                  <option value="org.jetbrains.idea.maven.model" />
                  <option value="org.jetbrains.idea.reposearch" />
                </set>
              </option>
              <option name="enabled" value="false" />
            </PluginData>
          </value>
        </entry>
        <entry key="org.jetbrains.idea.maven.ext">
          <value>
            <PluginData>
              <option name="enabled" value="false" />
            </PluginData>
          </value>
        </entry>
        <entry key="org.jetbrains.java.decompiler">
          <value>
            <PluginData>
              <option name="dependencies">
                <set>
                  <option value="com.intellij.modules.java" />
                </set>
              </option>
              <option name="enabled" value="false" />
            </PluginData>
          </value>
        </entry>
        <entry key="org.jetbrains.kotlin">
          <value>
            <PluginData>
              <option name="enabled" value="false" />
            </PluginData>
          </value>
        </entry>
        <entry key="org.jetbrains.plugins.gradle.maven">
          <value>
            <PluginData>
              <option name="dependencies">
                <set>
                  <option value="org.intellij.groovy" />
                  <option value="org.jetbrains.idea.maven" />
                  <option value="org.jetbrains.idea.reposearch" />
                  <option value="org.jetbrains.plugins.gradle" />
                </set>
              </option>
              <option name="enabled" value="false" />
            </PluginData>
          </value>
        </entry>
        <entry key="org.jetbrains.plugins.haml">
          <value>
            <PluginData>
              <option name="enabled" value="false" />
            </PluginData>
          </value>
        </entry>
        <entry key="org.jetbrains.plugins.javaFX">
          <value>
            <PluginData>
              <option name="dependencies">
                <set>
                  <option value="com.intellij.modules.java" />
                </set>
              </option>
              <option name="enabled" value="false" />
            </PluginData>
          </value>
        </entry>
        <entry key="org.jetbrains.plugins.remote-run">
          <value>
            <PluginData>
              <option name="enabled" value="false" />
            </PluginData>
          </value>
        </entry>
        <entry key="org.jetbrains.plugins.vue">
          <value>
            <PluginData />
          </value>
        </entry>
        <entry key="org.jetbrains.security.package-checker">
          <value>
            <PluginData>
              <option name="enabled" value="false" />
            </PluginData>
          </value>
        </entry>
        <entry key="org.sylfra.idea.plugins.linessorter">
          <value>
            <PluginData>
              <option name="dependencies">
                <set>
                  <option value="com.intellij.modules.lang" />
                </set>
              </option>
              <option name="enabled" value="false" />
            </PluginData>
          </value>
        </entry>
        <entry key="ru.adelf.idea.dotenv">
          <value>
            <PluginData>
              <option name="dependencies">
                <set>
                  <option value="com.intellij.modules.platform" />
                </set>
              </option>
            </PluginData>
          </value>
        </entry>
        <entry key="ru.crazycoder.plugins.tabdir">
          <value>
            <PluginData>
              <option name="dependencies">
                <set>
                  <option value="com.intellij.modules.lang" />
                </set>
              </option>
              <option name="enabled" value="false" />
            </PluginData>
          </value>
        </entry>
        <entry key="some.awesome">
          <value>
            <PluginData>
              <option name="dependencies">
                <set>
                  <option value="com.intellij.modules.platform" />
                </set>
              </option>
              <option name="enabled" value="false" />
            </PluginData>
          </value>
        </entry>
        <entry key="spy-js">
          <value>
            <PluginData>
              <option name="dependencies">
                <set>
                  <option value="JavaScript" />
                  <option value="JavaScriptDebugger" />
                  <option value="com.intellij.modules.xml" />
                </set>
              </option>
              <option name="enabled" value="false" />
            </PluginData>
          </value>
        </entry>
        <entry key="training">
          <value>
            <PluginData>
              <option name="enabled" value="false" />
            </PluginData>
          </value>
        </entry>
        <entry key="training.git">
          <value>
            <PluginData>
              <option name="dependencies">
                <set>
                  <option value="Git4Idea" />
                  <option value="com.intellij.modules.lang" />
                  <option value="training" />
                </set>
              </option>
              <option name="enabled" value="false" />
            </PluginData>
          </value>
        </entry>
        <entry key="tv.codely.codelytv-theme">
          <value>
            <PluginData>
              <option name="category" value="UI" />
              <option name="dependencies">
                <set>
                  <option value="com.intellij.modules.lang" />
                </set>
              </option>
            </PluginData>
          </value>
        </entry>
        <entry key="tv.twelvetone.intellij.plugins.intellivue">
          <value>
            <PluginData>
              <option name="dependencies">
                <set>
                  <option value="JavaScript" />
                  <option value="com.intellij.modules.lang" />
                  <option value="org.jetbrains.plugins.vue" />
                </set>
              </option>
            </PluginData>
          </value>
        </entry>
      </map>
    </option>
  </component>
</application>